{"cameraMode":{"drawMode":0,"name":"Shaded","section":"Shading Mode"},"sceneLighting":false,"audioPlay":false,"sceneViewState":{"m_AlwaysRefresh":false,"showFog":false,"showSkybox":false,"showFlares":false,"showImageEffects":false,"showParticleSystems":false,"showVisualEffectGraphs":true,"m_FxEnabled":true},"in2DMode":false,"pivot":{"x":0.0011585541069507599,"y":0.05854632705450058,"z":-0.0036502256989479067},"rotation":{"x":0.00310532352887094,"y":0.9948762059211731,"z":-0.09580288082361222,"w":0.032242365181446078},"size":0.06878717243671417,"orthographic":false}