{"cameraMode":{"drawMode":0,"name":"Shaded","section":"Shading Mode"},"sceneLighting":false,"audioPlay":false,"sceneViewState":{"m_AlwaysRefresh":false,"showFog":true,"showSkybox":true,"showFlares":true,"showImageEffects":true,"showParticleSystems":true,"showVisualEffectGraphs":true,"m_FxEnabled":true},"in2DMode":false,"pivot":{"x":-3960.226318359375,"y":643.3267822265625,"z":1699.6927490234375},"rotation":{"x":-0.7022150754928589,"y":0.0006391882197931409,"z":-0.0006315653445199132,"w":-0.7119699716567993},"size":121.80404663085938,"orthographic":false}