{"cameraMode":{"drawMode":0,"name":"Shaded","section":"Shading Mode"},"sceneLighting":false,"audioPlay":false,"sceneViewState":{"m_AlwaysRefresh":false,"showFog":true,"showSkybox":true,"showFlares":true,"showImageEffects":true,"showParticleSystems":true,"showVisualEffectGraphs":true,"m_FxEnabled":true},"in2DMode":false,"pivot":{"x":-7361.25634765625,"y":-132.82559204101563,"z":-484.7876281738281},"rotation":{"x":0.16216546297073365,"y":0.15676671266555787,"z":-0.026110678911209108,"w":0.9738936424255371},"size":1563.2164306640625,"orthographic":false}