{"cameraMode":{"drawMode":0,"name":"Shaded","section":"Shading Mode"},"sceneLighting":false,"audioPlay":false,"sceneViewState":{"m_AlwaysRefresh":false,"showFog":true,"showSkybox":true,"showFlares":true,"showImageEffects":true,"showParticleSystems":true,"showVisualEffectGraphs":true,"m_FxEnabled":true},"in2DMode":false,"pivot":{"x":776.3623046875,"y":788.4391479492188,"z":-8.898578643798829},"rotation":{"x":0.0015004578744992614,"y":-0.004206636920571327,"z":0.000022961608920013532,"w":-1.0000181198120118},"size":601.2265014648438,"orthographic":false}