{"cameraMode":{"drawMode":0,"name":"Shaded","section":"Shading Mode"},"sceneLighting":false,"audioPlay":false,"sceneViewState":{"m_AlwaysRefresh":false,"showFog":true,"showSkybox":true,"showFlares":true,"showImageEffects":true,"showParticleSystems":true,"showVisualEffectGraphs":true,"m_FxEnabled":true},"in2DMode":false,"pivot":{"x":-3909.042236328125,"y":739.7197265625,"z":1729.2723388671875},"rotation":{"x":-0.07103664427995682,"y":0.011969414539635182,"z":0.0008523708092980087,"w":0.9974027872085571},"size":124.30865478515625,"orthographic":false}