{"cameraMode":{"drawMode":0,"name":"Shaded","section":"Shading Mode"},"sceneLighting":true,"audioPlay":false,"sceneViewState":{"m_AlwaysRefresh":false,"showFog":true,"showSkybox":true,"showFlares":true,"showImageEffects":true,"showParticleSystems":true,"showVisualEffectGraphs":true,"m_FxEnabled":true},"in2DMode":false,"pivot":{"x":836.467041015625,"y":686.7088012695313,"z":-14.71697998046875},"rotation":{"x":0.034492816776037219,"y":0.0023977188393473627,"z":-0.00006674710311926901,"w":0.9994202256202698},"size":761.3259887695313,"orthographic":false}