{"cameraMode":{"drawMode":0,"name":"Shaded","section":"Shading Mode"},"sceneLighting":false,"audioPlay":false,"sceneViewState":{"m_AlwaysRefresh":false,"showFog":true,"showSkybox":true,"showFlares":true,"showImageEffects":true,"showParticleSystems":true,"showVisualEffectGraphs":true,"m_FxEnabled":true},"in2DMode":false,"pivot":{"x":-3908.274658203125,"y":964.6126708984375,"z":1010.6956176757813},"rotation":{"x":-0.042294152081012729,"y":-0.011392468586564064,"z":0.00048228862578980625,"w":-0.9990389943122864},"size":105.72908020019531,"orthographic":false}