{"cameraMode":{"drawMode":0,"name":"Shaded","section":"Shading Mode"},"sceneLighting":false,"audioPlay":false,"sceneViewState":{"m_AlwaysRefresh":false,"showFog":true,"showSkybox":true,"showFlares":true,"showImageEffects":true,"showParticleSystems":true,"showVisualEffectGraphs":true,"m_FxEnabled":true},"in2DMode":false,"pivot":{"x":618.0220947265625,"y":687.80126953125,"z":206.50587463378907},"rotation":{"x":-0.03238411992788315,"y":0.024894168600440027,"z":-0.0007998343789950013,"w":-0.9991808533668518},"size":831.7588500976563,"orthographic":false}