{"cameraMode":{"drawMode":0,"name":"Shaded","section":"Shading Mode"},"sceneLighting":false,"audioPlay":false,"sceneViewState":{"m_AlwaysRefresh":false,"showFog":true,"showSkybox":true,"showFlares":true,"showImageEffects":true,"showParticleSystems":true,"showVisualEffectGraphs":true,"m_FxEnabled":true},"in2DMode":false,"pivot":{"x":-3750.059814453125,"y":380.2781677246094,"z":1491.832275390625},"rotation":{"x":-0.30234673619270327,"y":-0.13719917833805085,"z":0.044024474918842319,"w":-0.9422463774681091},"size":373.69940185546877,"orthographic":false}