{"cameraMode":{"drawMode":0,"name":"Shaded","section":"Shading Mode"},"sceneLighting":false,"audioPlay":false,"sceneViewState":{"m_AlwaysRefresh":false,"showFog":true,"showSkybox":true,"showFlares":true,"showImageEffects":true,"showParticleSystems":true,"showVisualEffectGraphs":true,"m_FxEnabled":true},"in2DMode":false,"pivot":{"x":0.1387104094028473,"y":0.09388904273509979,"z":0.012308454141020775},"rotation":{"x":0.0005843917606398463,"y":-0.9973654747009277,"z":0.07224521785974503,"w":0.008086343295872212},"size":0.06833557039499283,"orthographic":false}